[{"model": "codingtool.goal", "pk": 1, "fields": {"goal": "Problem", "description": ""}}, {"model": "codingtool.goal", "pk": 2, "fields": {"goal": "Algorithm", "description": ""}}, {"model": "codingtool.goal", "pk": 3, "fields": {"goal": "Implementation", "description": ""}}, {"model": "codingtool.role", "pk": 1, "fields": {"role": "Background", "description": ""}}, {"model": "codingtool.role", "pk": 2, "fields": {"role": "Definition", "description": ""}}, {"model": "codingtool.role", "pk": 3, "fields": {"role": "Constraint", "description": ""}}, {"model": "codingtool.role", "pk": 4, "fields": {"role": "Example", "description": ""}}, {"model": "codingtool.role", "pk": 5, "fields": {"role": "Application", "description": ""}}, {"model": "codingtool.role", "pk": 6, "fields": {"role": "Variant", "description": ""}}, {"model": "codingtool.role", "pk": 7, "fields": {"role": "Analogy", "description": ""}}, {"model": "codingtool.role", "pk": 8, "fields": {"role": "Idea", "description": ""}}, {"model": "codingtool.role", "pk": 9, "fields": {"role": "Proof", "description": ""}}, {"model": "codingtool.role", "pk": 10, "fields": {"role": "Performance", "description": ""}}, {"model": "codingtool.role", "pk": 11, "fields": {"role": "Properties", "description": ""}}, {"model": "codingtool.notation", "pk": 1, "fields": {"notation": "English", "description": ""}}, {"model": "codingtool.notation", "pk": 2, "fields": {"notation": "Math", "description": ""}}, {"model": "codingtool.notation", "pk": 3, "fields": {"notation": "Diagram", "description": ""}}, {"model": "codingtool.notation", "pk": 4, "fields": {"notation": "List", "description": ""}}, {"model": "codingtool.notation", "pk": 5, "fields": {"notation": "Table", "description": ""}}, {"model": "codingtool.notation", "pk": 6, "fields": {"notation": "Sequence", "description": ""}}, {"model": "codingtool.notation", "pk": 7, "fields": {"notation": "Pseudocode", "description": ""}}, {"model": "codingtool.notation", "pk": 8, "fields": {"notation": "Code", "description": ""}}, {"model": "codingtool.notation", "pk": 9, "fields": {"notation": "Animation", "description": ""}}, {"model": "codingtool.notation", "pk": 10, "fields": {"notation": "Picture", "description": ""}}, {"model": "codingtool.notation", "pk": 11, "fields": {"notation": "Plot", "description": ""}}, {"model": "codingtool.explanation", "pk": 1, "fields": {"explanation": "UN001", "source_link": "http://www.cs.princeton.edu/~wayne/kleinberg-tardos/pdf/04GreedyAlgorithmsII.pdf", "evernote_link": "https://www.evernote.com/l/AZtzp9UDwlFIVo7K363p_m1SNsG-HQdpC44", "description": ""}}, {"model": "codingtool.explanation", "pk": 2, "fields": {"explanation": "UN002", "source_link": "http://math.mit.edu/~rothvoss/18.304.3PM/Presentations/1-Melissa.pdf", "evernote_link": "", "description": ""}}, {"model": "codingtool.explanation", "pk": 3, "fields": {"explanation": "UN003", "source_link": "https://www.cs.auckland.ac.nz/~jmor159/PLDS210/dijkstra.html", "evernote_link": "", "description": ""}}, {"model": "codingtool.explanation", "pk": 4, "fields": {"explanation": "UN004", "source_link": "http://www.ms.unimelb.edu.au/~moshe@unimelb/620-261/dijkstra/dijkstra.html", "evernote_link": "", "description": ""}}, {"model": "codingtool.explanation", "pk": 5, "fields": {"explanation": "UN005", "source_link": "http://courses.cs.washington.edu/courses/cse373/10sp/lectures/cse373-10sp-lec21-GraphsDijkstra-ink.html", "evernote_link": "", "description": ""}}, {"model": "codingtool.explanation", "pk": 6, "fields": {"explanation": "UN006", "source_link": "http://www.cs.princeton.edu/~rs/AlgsDS07/15ShortestPaths.pdf", "evernote_link": "", "description": ""}}, {"model": "codingtool.explanation", "pk": 7, "fields": {"explanation": "UN007", "source_link": "http://www.cs.cornell.edu/courses/cs312/2002sp/lectures/lec20/lec20.htm", "evernote_link": "", "description": ""}}, {"model": "codingtool.explanation", "pk": 8, "fields": {"explanation": "UN008", "source_link": "http://mat.uab.cat/~alseda/MasterOpt/MyL09.pdf", "evernote_link": "", "description": ""}}, {"model": "codingtool.explanation", "pk": 9, "fields": {"explanation": "UN009", "source_link": "http://mat.uab.cat/~alseda/MasterOpt/MyL09.pdf", "evernote_link": "", "description": ""}}, {"model": "codingtool.explanation", "pk": 10, "fields": {"explanation": "MS001", "source_link": "http://www.personal.kent.edu/~rmuhamma/Algorithms/MyAlgorithms/Sorting/mergeSort.htm", "evernote_link": "https://www.evernote.com/l/AZsyofyDStdFd7IFIYTlNNF8yUrG5WuZwOU", "description": ""}}, {"model": "codingtool.explanation", "pk": 11, "fields": {"explanation": "MS002", "source_link": "http://algs4.cs.princeton.edu/lectures/22Mergesort.pdf", "evernote_link": "", "description": ""}}, {"model": "codingtool.explanation", "pk": 12, "fields": {"explanation": "MS003", "source_link": "https://www.khanacademy.org/computing/computer-science/algorithms/merge-sort/a/divide-and-conquer-algorithms", "evernote_link": "", "description": ""}}, {"model": "codingtool.explanation", "pk": 13, "fields": {"explanation": "MS004", "source_link": "http://algs4.cs.princeton.edu/22mergesort/", "evernote_link": "", "description": ""}}, {"model": "codingtool.explanation", "pk": 14, "fields": {"explanation": "MS005", "source_link": "https://secweb.cs.odu.edu/~zeil/cs361/sum14/Public/mergesort/index.html", "evernote_link": "", "description": ""}}, {"model": "codingtool.explanation", "pk": 15, "fields": {"explanation": "MS006", "source_link": "http://www.cs.toronto.edu/~hojjat/148s07/lectures/week11/12_mergesort.pdf", "evernote_link": "", "description": ""}}, {"model": "codingtool.explanation", "pk": 16, "fields": {"explanation": "MS007", "source_link": "https://www.cs.purdue.edu/cgvlab/courses/251/lectures/slides/03.23-SortingSetsSelection.pdf", "evernote_link": "", "description": ""}}, {"model": "codingtool.explanation", "pk": 17, "fields": {"explanation": "MS008", "source_link": "http://pages.cs.wisc.edu/~vernon/cs367/notes/14.SORTING.html", "evernote_link": "", "description": ""}}, {"model": "codingtool.explanation", "pk": 18, "fields": {"explanation": "MS009", "source_link": "https://webdocs.cs.ualberta.ca/~holte/mergesort.pdf", "evernote_link": "", "description": ""}}, {"model": "codingtool.code", "pk": 1, "fields": {"explanation": 1, "position": 1, "goal": 1, "role": 2, "is_partial": false, "is_emphasized": false, "has_many": false, "description": "", "notations": [1, 2]}}, {"model": "codingtool.code", "pk": 2, "fields": {"explanation": 1, "position": 2, "goal": 1, "role": 4, "is_partial": false, "is_emphasized": false, "has_many": false, "description": "", "notations": [2, 3]}}, {"model": "codingtool.code", "pk": 3, "fields": {"explanation": 1, "position": 3, "goal": 1, "role": 5, "is_partial": false, "is_emphasized": false, "has_many": false, "description": "", "notations": [10]}}, {"model": "codingtool.code", "pk": 4, "fields": {"explanation": 1, "position": 4, "goal": 1, "role": 5, "is_partial": false, "is_emphasized": false, "has_many": true, "description": "", "notations": [4]}}, {"model": "codingtool.code", "pk": 5, "fields": {"explanation": 1, "position": 5, "goal": 2, "role": 7, "is_partial": false, "is_emphasized": false, "has_many": false, "description": "", "notations": [1]}}, {"model": "codingtool.code", "pk": 6, "fields": {"explanation": 1, "position": 6, "goal": 2, "role": 2, "is_partial": false, "is_emphasized": false, "has_many": false, "description": "", "notations": [1, 2, 3]}}, {"model": "codingtool.code", "pk": 7, "fields": {"explanation": 1, "position": 7, "goal": 2, "role": 9, "is_partial": false, "is_emphasized": false, "has_many": false, "description": "", "notations": [1, 2, 3]}}, {"model": "codingtool.code", "pk": 8, "fields": {"explanation": 1, "position": 8, "goal": 3, "role": 8, "is_partial": false, "is_emphasized": false, "has_many": false, "description": "", "notations": [1, 2]}}, {"model": "codingtool.code", "pk": 9, "fields": {"explanation": 1, "position": 9, "goal": 3, "role": 8, "is_partial": false, "is_emphasized": false, "has_many": false, "description": "", "notations": [1]}}, {"model": "codingtool.code", "pk": 10, "fields": {"explanation": 1, "position": 10, "goal": 3, "role": 2, "is_partial": false, "is_emphasized": false, "has_many": false, "description": "", "notations": [4, 7]}}, {"model": "codingtool.code", "pk": 11, "fields": {"explanation": 1, "position": 11, "goal": 3, "role": 10, "is_partial": false, "is_emphasized": false, "has_many": true, "description": "", "notations": [4, 5]}}, {"model": "codingtool.code", "pk": 12, "fields": {"explanation": 1, "position": 12, "goal": 2, "role": 6, "is_partial": false, "is_emphasized": false, "has_many": true, "description": "", "notations": [4]}}, {"model": "codingtool.code", "pk": 13, "fields": {"explanation": 2, "position": 1, "goal": 2, "role": 1, "is_partial": false, "is_emphasized": false, "has_many": false, "description": "", "notations": [4, 10]}}, {"model": "codingtool.code", "pk": 14, "fields": {"explanation": 2, "position": 2, "goal": 1, "role": 5, "is_partial": false, "is_emphasized": false, "has_many": false, "description": "", "notations": [10]}}, {"model": "codingtool.code", "pk": 15, "fields": {"explanation": 2, "position": 3, "goal": 1, "role": 2, "is_partial": false, "is_emphasized": false, "has_many": false, "description": "", "notations": [4]}}, {"model": "codingtool.code", "pk": 16, "fields": {"explanation": 2, "position": 4, "goal": 1, "role": 4, "is_partial": false, "is_emphasized": false, "has_many": false, "description": "", "notations": [3]}}, {"model": "codingtool.code", "pk": 17, "fields": {"explanation": 2, "position": 5, "goal": 2, "role": 2, "is_partial": false, "is_emphasized": false, "has_many": false, "description": "", "notations": [4]}}, {"model": "codingtool.code", "pk": 18, "fields": {"explanation": 2, "position": 6, "goal": 2, "role": 4, "is_partial": false, "is_emphasized": false, "has_many": false, "description": "", "notations": [3]}}, {"model": "codingtool.code", "pk": 19, "fields": {"explanation": 2, "position": 7, "goal": 3, "role": 2, "is_partial": false, "is_emphasized": false, "has_many": false, "description": "", "notations": [7]}}, {"model": "codingtool.code", "pk": 21, "fields": {"explanation": 2, "position": 8, "goal": 3, "role": 2, "is_partial": true, "is_emphasized": false, "has_many": false, "description": "", "notations": [2, 3, 4]}}, {"model": "codingtool.code", "pk": 22, "fields": {"explanation": 2, "position": 9, "goal": 2, "role": 9, "is_partial": false, "is_emphasized": true, "has_many": false, "description": "", "notations": [1, 2, 6]}}, {"model": "codingtool.code", "pk": 23, "fields": {"explanation": 2, "position": 10, "goal": 2, "role": 5, "is_partial": false, "is_emphasized": false, "has_many": false, "description": "", "notations": [1, 2, 10]}}, {"model": "codingtool.code", "pk": 24, "fields": {"explanation": 2, "position": 11, "goal": 2, "role": 5, "is_partial": false, "is_emphasized": false, "has_many": false, "description": "", "notations": [4, 5]}}, {"model": "codingtool.code", "pk": 25, "fields": {"explanation": 2, "position": 12, "goal": 2, "role": 3, "is_partial": false, "is_emphasized": false, "has_many": false, "description": "", "notations": [3]}}, {"model": "codingtool.code", "pk": 26, "fields": {"explanation": 3, "position": 1, "goal": 2, "role": 1, "is_partial": false, "is_emphasized": false, "has_many": false, "description": "", "notations": [1]}}, {"model": "codingtool.code", "pk": 27, "fields": {"explanation": 3, "position": 2, "goal": 1, "role": 2, "is_partial": false, "is_emphasized": false, "has_many": false, "description": "", "notations": [1]}}, {"model": "codingtool.code", "pk": 28, "fields": {"explanation": 3, "position": 4, "goal": 2, "role": 8, "is_partial": false, "is_emphasized": false, "has_many": false, "description": "", "notations": [7]}}, {"model": "codingtool.code", "pk": 29, "fields": {"explanation": 3, "position": 3, "goal": 2, "role": 2, "is_partial": true, "is_emphasized": false, "has_many": false, "description": "", "notations": [4]}}, {"model": "codingtool.code", "pk": 30, "fields": {"explanation": 3, "position": 5, "goal": 2, "role": 2, "is_partial": true, "is_emphasized": false, "has_many": false, "description": "", "notations": [1, 7]}}, {"model": "codingtool.code", "pk": 31, "fields": {"explanation": 3, "position": 6, "goal": 2, "role": 2, "is_partial": false, "is_emphasized": false, "has_many": false, "description": "", "notations": [7]}}, {"model": "codingtool.code", "pk": 32, "fields": {"explanation": 3, "position": 7, "goal": 2, "role": 4, "is_partial": false, "is_emphasized": false, "has_many": false, "description": "", "notations": [3, 6]}}, {"model": "codingtool.code", "pk": 33, "fields": {"explanation": 3, "position": 8, "goal": 2, "role": 9, "is_partial": false, "is_emphasized": false, "has_many": false, "description": "", "notations": [1]}}, {"model": "codingtool.code", "pk": 34, "fields": {"explanation": 3, "position": 9, "goal": 2, "role": 4, "is_partial": false, "is_emphasized": false, "has_many": false, "description": "", "notations": [9]}}, {"model": "codingtool.code", "pk": 37, "fields": {"explanation": 4, "position": 1, "goal": 2, "role": 1, "is_partial": false, "is_emphasized": false, "has_many": false, "description": "", "notations": [1]}}, {"model": "codingtool.code", "pk": 38, "fields": {"explanation": 4, "position": 2, "goal": 1, "role": 5, "is_partial": false, "is_emphasized": false, "has_many": true, "description": "", "notations": [1]}}, {"model": "codingtool.code", "pk": 39, "fields": {"explanation": 4, "position": 3, "goal": 1, "role": 1, "is_partial": false, "is_emphasized": false, "has_many": false, "description": "", "notations": [1]}}, {"model": "codingtool.code", "pk": 40, "fields": {"explanation": 4, "position": 4, "goal": 1, "role": 4, "is_partial": false, "is_emphasized": false, "has_many": false, "description": "", "notations": [1, 2]}}, {"model": "codingtool.code", "pk": 41, "fields": {"explanation": 4, "position": 5, "goal": 2, "role": 8, "is_partial": false, "is_emphasized": false, "has_many": false, "description": "", "notations": [1, 3, 4]}}, {"model": "codingtool.code", "pk": 42, "fields": {"explanation": 4, "position": 6, "goal": 2, "role": 7, "is_partial": false, "is_emphasized": false, "has_many": false, "description": "", "notations": [1, 3, 4]}}, {"model": "codingtool.code", "pk": 43, "fields": {"explanation": 4, "position": 7, "goal": 2, "role": 2, "is_partial": false, "is_emphasized": false, "has_many": false, "description": "", "notations": [1, 2]}}, {"model": "codingtool.code", "pk": 44, "fields": {"explanation": 4, "position": 8, "goal": 2, "role": 7, "is_partial": false, "is_emphasized": false, "has_many": false, "description": "", "notations": [1]}}, {"model": "codingtool.code", "pk": 45, "fields": {"explanation": 4, "position": 9, "goal": 2, "role": 4, "is_partial": false, "is_emphasized": false, "has_many": false, "description": "", "notations": [1, 3, 6]}}, {"model": "codingtool.code", "pk": 46, "fields": {"explanation": 4, "position": 10, "goal": 2, "role": 4, "is_partial": false, "is_emphasized": false, "has_many": false, "description": "", "notations": [1, 3, 7]}}, {"model": "codingtool.code", "pk": 47, "fields": {"explanation": 4, "position": 11, "goal": 2, "role": 4, "is_partial": false, "is_emphasized": false, "has_many": false, "description": "", "notations": [1, 3, 10]}}, {"model": "codingtool.code", "pk": 48, "fields": {"explanation": 5, "position": 1, "goal": 2, "role": 7, "is_partial": false, "is_emphasized": false, "has_many": true, "description": "", "notations": [4]}}, {"model": "codingtool.code", "pk": 49, "fields": {"explanation": 5, "position": 2, "goal": 1, "role": 6, "is_partial": false, "is_emphasized": false, "has_many": true, "description": "", "notations": [2, 4]}}, {"model": "codingtool.code", "pk": 50, "fields": {"explanation": 5, "position": 3, "goal": 1, "role": 6, "is_partial": false, "is_emphasized": false, "has_many": false, "description": "", "notations": [1]}}, {"model": "codingtool.code", "pk": 51, "fields": {"explanation": 5, "position": 4, "goal": 1, "role": 6, "is_partial": false, "is_emphasized": false, "has_many": false, "description": "", "notations": [1]}}, {"model": "codingtool.code", "pk": 52, "fields": {"explanation": 5, "position": 5, "goal": 1, "role": 6, "is_partial": false, "is_emphasized": false, "has_many": true, "description": "", "notations": [4]}}, {"model": "codingtool.code", "pk": 53, "fields": {"explanation": 5, "position": 6, "goal": 2, "role": 5, "is_partial": false, "is_emphasized": false, "has_many": true, "description": "", "notations": [4]}}, {"model": "codingtool.code", "pk": 54, "fields": {"explanation": 5, "position": 7, "goal": 1, "role": 6, "is_partial": false, "is_emphasized": false, "has_many": false, "description": "", "notations": [1, 3, 8]}}, {"model": "codingtool.code", "pk": 55, "fields": {"explanation": 5, "position": 8, "goal": 2, "role": 1, "is_partial": false, "is_emphasized": false, "has_many": false, "description": "", "notations": [1, 10]}}, {"model": "codingtool.code", "pk": 56, "fields": {"explanation": 5, "position": 9, "goal": 2, "role": 7, "is_partial": false, "is_emphasized": false, "has_many": false, "description": "", "notations": [1, 4]}}, {"model": "codingtool.code", "pk": 57, "fields": {"explanation": 5, "position": 10, "goal": 2, "role": 8, "is_partial": false, "is_emphasized": false, "has_many": false, "description": "", "notations": [1, 3, 6]}}, {"model": "codingtool.code", "pk": 58, "fields": {"explanation": 5, "position": 11, "goal": 2, "role": 2, "is_partial": false, "is_emphasized": false, "has_many": false, "description": "", "notations": [7]}}, {"model": "codingtool.code", "pk": 59, "fields": {"explanation": 5, "position": 12, "goal": 2, "role": 2, "is_partial": true, "is_emphasized": false, "has_many": false, "description": "", "notations": [4]}}, {"model": "codingtool.code", "pk": 60, "fields": {"explanation": 5, "position": 13, "goal": 2, "role": 4, "is_partial": false, "is_emphasized": false, "has_many": false, "description": "", "notations": [3]}}, {"model": "codingtool.code", "pk": 61, "fields": {"explanation": 5, "position": 14, "goal": 3, "role": 2, "is_partial": false, "is_emphasized": false, "has_many": false, "description": "", "notations": [7]}}, {"model": "codingtool.code", "pk": 62, "fields": {"explanation": 5, "position": 15, "goal": 3, "role": 10, "is_partial": false, "is_emphasized": false, "has_many": false, "description": "", "notations": [1]}}, {"model": "codingtool.code", "pk": 63, "fields": {"explanation": 5, "position": 16, "goal": 2, "role": 7, "is_partial": false, "is_emphasized": false, "has_many": false, "description": "", "notations": [1]}}, {"model": "codingtool.code", "pk": 64, "fields": {"explanation": 5, "position": 17, "goal": 2, "role": 9, "is_partial": false, "is_emphasized": false, "has_many": false, "description": "", "notations": [1]}}, {"model": "codingtool.code", "pk": 65, "fields": {"explanation": 5, "position": 18, "goal": 2, "role": 9, "is_partial": false, "is_emphasized": false, "has_many": false, "description": "", "notations": [1, 3]}}, {"model": "codingtool.code", "pk": 66, "fields": {"explanation": 5, "position": 19, "goal": 2, "role": 9, "is_partial": false, "is_emphasized": false, "has_many": false, "description": "", "notations": [1]}}, {"model": "codingtool.code", "pk": 67, "fields": {"explanation": 5, "position": 20, "goal": 2, "role": 7, "is_partial": false, "is_emphasized": false, "has_many": false, "description": "", "notations": [5]}}, {"model": "codingtool.code", "pk": 68, "fields": {"explanation": 5, "position": 21, "goal": 2, "role": 3, "is_partial": false, "is_emphasized": false, "has_many": false, "description": "", "notations": [1]}}, {"model": "codingtool.code", "pk": 69, "fields": {"explanation": 6, "position": 1, "goal": 2, "role": 1, "is_partial": false, "is_emphasized": false, "has_many": false, "description": "", "notations": [1, 10]}}, {"model": "codingtool.code", "pk": 70, "fields": {"explanation": 6, "position": 2, "goal": 1, "role": 5, "is_partial": false, "is_emphasized": false, "has_many": false, "description": "", "notations": [10]}}, {"model": "codingtool.code", "pk": 71, "fields": {"explanation": 6, "position": 3, "goal": 1, "role": 2, "is_partial": false, "is_emphasized": false, "has_many": false, "description": "", "notations": [1]}}, {"model": "codingtool.code", "pk": 72, "fields": {"explanation": 6, "position": 4, "goal": 1, "role": 4, "is_partial": false, "is_emphasized": false, "has_many": false, "description": "", "notations": [1, 2, 3]}}, {"model": "codingtool.code", "pk": 73, "fields": {"explanation": 6, "position": 5, "goal": 1, "role": 6, "is_partial": false, "is_emphasized": false, "has_many": false, "description": "", "notations": [4]}}, {"model": "codingtool.code", "pk": 74, "fields": {"explanation": 6, "position": 6, "goal": 1, "role": 1, "is_partial": false, "is_emphasized": false, "has_many": false, "description": "", "notations": [4]}}, {"model": "codingtool.code", "pk": 75, "fields": {"explanation": 6, "position": 7, "goal": 1, "role": 5, "is_partial": false, "is_emphasized": false, "has_many": false, "description": "", "notations": [4]}}, {"model": "codingtool.code", "pk": 76, "fields": {"explanation": 6, "position": 8, "goal": 2, "role": 8, "is_partial": false, "is_emphasized": false, "has_many": false, "description": "", "notations": [1, 3, 4]}}, {"model": "codingtool.code", "pk": 77, "fields": {"explanation": 6, "position": 9, "goal": 2, "role": 2, "is_partial": true, "is_emphasized": false, "has_many": false, "description": "", "notations": [3, 4, 7]}}, {"model": "codingtool.code", "pk": 78, "fields": {"explanation": 6, "position": 10, "goal": 2, "role": 2, "is_partial": false, "is_emphasized": false, "has_many": false, "description": "", "notations": [3, 7]}}, {"model": "codingtool.code", "pk": 79, "fields": {"explanation": 6, "position": 11, "goal": 2, "role": 9, "is_partial": false, "is_emphasized": false, "has_many": false, "description": "", "notations": [1, 3]}}, {"model": "codingtool.code", "pk": 80, "fields": {"explanation": 6, "position": 12, "goal": 3, "role": 2, "is_partial": true, "is_emphasized": false, "has_many": false, "description": "", "notations": [8]}}, {"model": "codingtool.code", "pk": 81, "fields": {"explanation": 6, "position": 13, "goal": 3, "role": 2, "is_partial": true, "is_emphasized": false, "has_many": false, "description": "", "notations": [8]}}, {"model": "codingtool.code", "pk": 82, "fields": {"explanation": 6, "position": 14, "goal": 3, "role": 8, "is_partial": false, "is_emphasized": false, "has_many": false, "description": "", "notations": [1, 2]}}, {"model": "codingtool.code", "pk": 83, "fields": {"explanation": 6, "position": 15, "goal": 3, "role": 8, "is_partial": false, "is_emphasized": false, "has_many": false, "description": "", "notations": [4, 7]}}, {"model": "codingtool.code", "pk": 84, "fields": {"explanation": 6, "position": 16, "goal": 3, "role": 8, "is_partial": false, "is_emphasized": false, "has_many": false, "description": "", "notations": [3, 7]}}, {"model": "codingtool.code", "pk": 85, "fields": {"explanation": 6, "position": 17, "goal": 3, "role": 10, "is_partial": false, "is_emphasized": false, "has_many": true, "description": "", "notations": [5]}}, {"model": "codingtool.code", "pk": 86, "fields": {"explanation": 6, "position": 18, "goal": 3, "role": 7, "is_partial": false, "is_emphasized": false, "has_many": false, "description": "", "notations": [8]}}, {"model": "codingtool.code", "pk": 87, "fields": {"explanation": 6, "position": 19, "goal": 3, "role": 2, "is_partial": false, "is_emphasized": false, "has_many": false, "description": "", "notations": [4, 8]}}, {"model": "codingtool.code", "pk": 88, "fields": {"explanation": 6, "position": 20, "goal": 2, "role": 4, "is_partial": false, "is_emphasized": false, "has_many": false, "description": "", "notations": [3, 6]}}, {"model": "codingtool.code", "pk": 89, "fields": {"explanation": 6, "position": 21, "goal": 3, "role": 2, "is_partial": true, "is_emphasized": false, "has_many": false, "description": "", "notations": [1, 4]}}, {"model": "codingtool.code", "pk": 90, "fields": {"explanation": 6, "position": 22, "goal": 3, "role": 2, "is_partial": true, "is_emphasized": false, "has_many": false, "description": "", "notations": [4]}}, {"model": "codingtool.code", "pk": 91, "fields": {"explanation": 6, "position": 23, "goal": 3, "role": 2, "is_partial": true, "is_emphasized": false, "has_many": false, "description": "", "notations": [4]}}, {"model": "codingtool.code", "pk": 92, "fields": {"explanation": 6, "position": 24, "goal": 3, "role": 10, "is_partial": false, "is_emphasized": false, "has_many": true, "description": "", "notations": [4]}}, {"model": "codingtool.code", "pk": 93, "fields": {"explanation": 6, "position": 25, "goal": 2, "role": 7, "is_partial": false, "is_emphasized": false, "has_many": true, "description": "", "notations": [1, 3, 4]}}, {"model": "codingtool.code", "pk": 94, "fields": {"explanation": 6, "position": 26, "goal": 2, "role": 5, "is_partial": false, "is_emphasized": false, "has_many": true, "description": "", "notations": [4]}}, {"model": "codingtool.code", "pk": 95, "fields": {"explanation": 6, "position": 27, "goal": 2, "role": 5, "is_partial": false, "is_emphasized": false, "has_many": false, "description": "", "notations": [1, 3, 5]}}, {"model": "codingtool.code", "pk": 96, "fields": {"explanation": 6, "position": 28, "goal": 2, "role": 3, "is_partial": false, "is_emphasized": false, "has_many": false, "description": "", "notations": [1, 3]}}, {"model": "codingtool.code", "pk": 97, "fields": {"explanation": 7, "position": 1, "goal": 2, "role": 5, "is_partial": false, "is_emphasized": false, "has_many": true, "description": "", "notations": [1]}}, {"model": "codingtool.code", "pk": 98, "fields": {"explanation": 7, "position": 2, "goal": 1, "role": 2, "is_partial": true, "is_emphasized": false, "has_many": false, "description": "", "notations": [1, 7]}}, {"model": "codingtool.code", "pk": 99, "fields": {"explanation": 7, "position": 3, "goal": 1, "role": 3, "is_partial": false, "is_emphasized": false, "has_many": false, "description": "", "notations": [1, 7]}}, {"model": "codingtool.code", "pk": 100, "fields": {"explanation": 7, "position": 4, "goal": 1, "role": 2, "is_partial": true, "is_emphasized": false, "has_many": false, "description": "", "notations": [1]}}, {"model": "codingtool.code", "pk": 101, "fields": {"explanation": 7, "position": 5, "goal": 1, "role": 6, "is_partial": false, "is_emphasized": false, "has_many": true, "description": "", "notations": [1]}}, {"model": "codingtool.code", "pk": 102, "fields": {"explanation": 7, "position": 6, "goal": 1, "role": 6, "is_partial": false, "is_emphasized": false, "has_many": false, "description": "", "notations": [1, 2, 4, 7]}}, {"model": "codingtool.code", "pk": 103, "fields": {"explanation": 7, "position": 7, "goal": 2, "role": 7, "is_partial": false, "is_emphasized": false, "has_many": false, "description": "", "notations": [1]}}, {"model": "codingtool.code", "pk": 104, "fields": {"explanation": 7, "position": 8, "goal": 2, "role": 8, "is_partial": false, "is_emphasized": false, "has_many": false, "description": "", "notations": [1, 3, 7]}}, {"model": "codingtool.code", "pk": 105, "fields": {"explanation": 7, "position": 9, "goal": 2, "role": 8, "is_partial": false, "is_emphasized": false, "has_many": false, "description": "", "notations": [1, 6]}}, {"model": "codingtool.code", "pk": 106, "fields": {"explanation": 7, "position": 10, "goal": 1, "role": 2, "is_partial": false, "is_emphasized": false, "has_many": false, "description": "", "notations": [7]}}, {"model": "codingtool.code", "pk": 107, "fields": {"explanation": 7, "position": 11, "goal": 2, "role": 9, "is_partial": false, "is_emphasized": false, "has_many": false, "description": "", "notations": [1]}}, {"model": "codingtool.code", "pk": 108, "fields": {"explanation": 7, "position": 12, "goal": 2, "role": 10, "is_partial": false, "is_emphasized": false, "has_many": false, "description": "", "notations": [1, 2]}}, {"model": "codingtool.code", "pk": 109, "fields": {"explanation": 8, "position": 1, "goal": 2, "role": 7, "is_partial": false, "is_emphasized": false, "has_many": false, "description": "", "notations": [2, 4]}}, {"model": "codingtool.code", "pk": 110, "fields": {"explanation": 8, "position": 2, "goal": 1, "role": 6, "is_partial": false, "is_emphasized": false, "has_many": false, "description": "", "notations": [1, 2, 3, 4]}}, {"model": "codingtool.code", "pk": 111, "fields": {"explanation": 8, "position": 3, "goal": 1, "role": 2, "is_partial": false, "is_emphasized": false, "has_many": false, "description": "", "notations": [1, 2]}}, {"model": "codingtool.code", "pk": 112, "fields": {"explanation": 8, "position": 4, "goal": 2, "role": 8, "is_partial": false, "is_emphasized": false, "has_many": false, "description": "", "notations": [1, 3]}}, {"model": "codingtool.code", "pk": 113, "fields": {"explanation": 8, "position": 5, "goal": 2, "role": 8, "is_partial": false, "is_emphasized": false, "has_many": false, "description": "", "notations": [1]}}, {"model": "codingtool.code", "pk": 114, "fields": {"explanation": 8, "position": 6, "goal": 2, "role": 8, "is_partial": false, "is_emphasized": true, "has_many": false, "description": "", "notations": [1, 4]}}, {"model": "codingtool.code", "pk": 115, "fields": {"explanation": 8, "position": 7, "goal": 2, "role": 8, "is_partial": true, "is_emphasized": false, "has_many": false, "description": "", "notations": [1]}}, {"model": "codingtool.code", "pk": 116, "fields": {"explanation": 8, "position": 8, "goal": 2, "role": 8, "is_partial": true, "is_emphasized": false, "has_many": false, "description": "", "notations": [1, 2, 3, 4, 7]}}, {"model": "codingtool.code", "pk": 117, "fields": {"explanation": 8, "position": 9, "goal": 2, "role": 8, "is_partial": false, "is_emphasized": false, "has_many": false, "description": "", "notations": [6]}}, {"model": "codingtool.code", "pk": 118, "fields": {"explanation": 8, "position": 10, "goal": 3, "role": 8, "is_partial": true, "is_emphasized": false, "has_many": false, "description": "", "notations": [1, 2]}}, {"model": "codingtool.code", "pk": 119, "fields": {"explanation": 8, "position": 11, "goal": 3, "role": 8, "is_partial": true, "is_emphasized": false, "has_many": false, "description": "", "notations": [1]}}, {"model": "codingtool.code", "pk": 120, "fields": {"explanation": 8, "position": 12, "goal": 3, "role": 8, "is_partial": true, "is_emphasized": false, "has_many": false, "description": "", "notations": [1, 4]}}, {"model": "codingtool.code", "pk": 121, "fields": {"explanation": 8, "position": 13, "goal": 3, "role": 2, "is_partial": false, "is_emphasized": false, "has_many": false, "description": "", "notations": [7]}}, {"model": "codingtool.code", "pk": 122, "fields": {"explanation": 8, "position": 14, "goal": 2, "role": 4, "is_partial": false, "is_emphasized": false, "has_many": false, "description": "", "notations": [3, 6]}}, {"model": "codingtool.code", "pk": 123, "fields": {"explanation": 8, "position": 15, "goal": 2, "role": 9, "is_partial": false, "is_emphasized": false, "has_many": false, "description": "", "notations": [1, 2, 3]}}, {"model": "codingtool.code", "pk": 124, "fields": {"explanation": 8, "position": 16, "goal": 2, "role": 10, "is_partial": false, "is_emphasized": false, "has_many": false, "description": "", "notations": [1, 2]}}, {"model": "codingtool.code", "pk": 125, "fields": {"explanation": 9, "position": 1, "goal": 1, "role": 2, "is_partial": false, "is_emphasized": false, "has_many": false, "description": "", "notations": [1, 2]}}, {"model": "codingtool.code", "pk": 126, "fields": {"explanation": 9, "position": 2, "goal": 1, "role": 4, "is_partial": false, "is_emphasized": false, "has_many": false, "description": "", "notations": [3]}}, {"model": "codingtool.code", "pk": 127, "fields": {"explanation": 9, "position": 3, "goal": 2, "role": 7, "is_partial": false, "is_emphasized": false, "has_many": true, "description": "", "notations": [4]}}, {"model": "codingtool.code", "pk": 128, "fields": {"explanation": 9, "position": 4, "goal": 2, "role": 5, "is_partial": false, "is_emphasized": false, "has_many": true, "description": "", "notations": [1, 4]}}, {"model": "codingtool.code", "pk": 129, "fields": {"explanation": 9, "position": 5, "goal": 2, "role": 8, "is_partial": false, "is_emphasized": false, "has_many": false, "description": "", "notations": [1, 4, 7]}}, {"model": "codingtool.code", "pk": 130, "fields": {"explanation": 9, "position": 6, "goal": 2, "role": 2, "is_partial": false, "is_emphasized": false, "has_many": false, "description": "", "notations": [1, 4]}}, {"model": "codingtool.code", "pk": 131, "fields": {"explanation": 9, "position": 7, "goal": 2, "role": 2, "is_partial": true, "is_emphasized": false, "has_many": false, "description": "", "notations": [4]}}, {"model": "codingtool.code", "pk": 132, "fields": {"explanation": 9, "position": 8, "goal": 2, "role": 4, "is_partial": false, "is_emphasized": true, "has_many": false, "description": "", "notations": [2, 3, 6]}}, {"model": "codingtool.code", "pk": 133, "fields": {"explanation": 9, "position": 9, "goal": 3, "role": 8, "is_partial": true, "is_emphasized": false, "has_many": false, "description": "", "notations": [3, 6]}}, {"model": "codingtool.code", "pk": 134, "fields": {"explanation": 10, "position": 1, "goal": 2, "role": 7, "is_partial": false, "is_emphasized": false, "has_many": false, "description": "", "notations": [1, 2, 6]}}, {"model": "codingtool.code", "pk": 135, "fields": {"explanation": 10, "position": 1, "goal": 2, "role": 8, "is_partial": false, "is_emphasized": false, "has_many": false, "description": "", "notations": [1, 2, 6]}}, {"model": "codingtool.code", "pk": 136, "fields": {"explanation": 10, "position": 2, "goal": 2, "role": 2, "is_partial": false, "is_emphasized": false, "has_many": false, "description": "", "notations": [3, 7]}}, {"model": "codingtool.code", "pk": 137, "fields": {"explanation": 10, "position": 3, "goal": 3, "role": 8, "is_partial": true, "is_emphasized": false, "has_many": false, "description": "", "notations": [4]}}, {"model": "codingtool.code", "pk": 138, "fields": {"explanation": 10, "position": 4, "goal": 2, "role": 4, "is_partial": false, "is_emphasized": false, "has_many": false, "description": "", "notations": [1, 2, 6]}}, {"model": "codingtool.code", "pk": 139, "fields": {"explanation": 10, "position": 5, "goal": 2, "role": 2, "is_partial": false, "is_emphasized": false, "has_many": false, "description": "", "notations": [7]}}, {"model": "codingtool.code", "pk": 140, "fields": {"explanation": 10, "position": 6, "goal": 2, "role": 4, "is_partial": false, "is_emphasized": false, "has_many": false, "description": "", "notations": [3, 4]}}, {"model": "codingtool.code", "pk": 141, "fields": {"explanation": 10, "position": 7, "goal": 2, "role": 10, "is_partial": false, "is_emphasized": false, "has_many": false, "description": "", "notations": [1, 2, 4]}}, {"model": "codingtool.code", "pk": 142, "fields": {"explanation": 10, "position": 8, "goal": 2, "role": 10, "is_partial": true, "is_emphasized": false, "has_many": false, "description": "", "notations": [1, 2, 3, 4]}}, {"model": "codingtool.code", "pk": 143, "fields": {"explanation": 10, "position": 9, "goal": 2, "role": 9, "is_partial": false, "is_emphasized": false, "has_many": false, "description": "", "notations": [1, 11]}}, {"model": "codingtool.code", "pk": 144, "fields": {"explanation": 10, "position": 10, "goal": 3, "role": 2, "is_partial": false, "is_emphasized": false, "has_many": false, "description": "", "notations": [8]}}, {"model": "codingtool.code", "pk": 145, "fields": {"explanation": 11, "position": 1, "goal": 2, "role": 8, "is_partial": false, "is_emphasized": false, "has_many": false, "description": "", "notations": [3, 6, 10]}}, {"model": "codingtool.code", "pk": 146, "fields": {"explanation": 11, "position": 2, "goal": 1, "role": 4, "is_partial": false, "is_emphasized": false, "has_many": false, "description": "", "notations": [1, 3]}}, {"model": "codingtool.code", "pk": 147, "fields": {"explanation": 11, "position": 3, "goal": 3, "role": 2, "is_partial": true, "is_emphasized": false, "has_many": false, "description": "", "notations": [3, 8]}}, {"model": "codingtool.code", "pk": 148, "fields": {"explanation": 11, "position": 4, "goal": 3, "role": 2, "is_partial": false, "is_emphasized": false, "has_many": false, "description": "", "notations": [3, 8]}}, {"model": "codingtool.code", "pk": 149, "fields": {"explanation": 11, "position": 5, "goal": 3, "role": 4, "is_partial": false, "is_emphasized": false, "has_many": false, "description": "", "notations": [3]}}, {"model": "codingtool.code", "pk": 150, "fields": {"explanation": 11, "position": 6, "goal": 3, "role": 4, "is_partial": false, "is_emphasized": false, "has_many": false, "description": "", "notations": [9]}}, {"model": "codingtool.code", "pk": 151, "fields": {"explanation": 11, "position": 7, "goal": 2, "role": 10, "is_partial": false, "is_emphasized": false, "has_many": false, "description": "", "notations": [2, 4, 5]}}, {"model": "codingtool.code", "pk": 152, "fields": {"explanation": 11, "position": 8, "goal": 2, "role": 10, "is_partial": true, "is_emphasized": false, "has_many": false, "description": "", "notations": [1, 2]}}, {"model": "codingtool.code", "pk": 153, "fields": {"explanation": 11, "position": 9, "goal": 2, "role": 9, "is_partial": false, "is_emphasized": false, "has_many": false, "description": "", "notations": [1, 2, 3]}}, {"model": "codingtool.code", "pk": 154, "fields": {"explanation": 11, "position": 10, "goal": 2, "role": 9, "is_partial": true, "is_emphasized": false, "has_many": false, "description": "", "notations": [1, 2, 4]}}, {"model": "codingtool.code", "pk": 155, "fields": {"explanation": 11, "position": 11, "goal": 2, "role": 9, "is_partial": true, "is_emphasized": false, "has_many": false, "description": "", "notations": [1, 2, 8]}}, {"model": "codingtool.code", "pk": 156, "fields": {"explanation": 11, "position": 12, "goal": 2, "role": 7, "is_partial": false, "is_emphasized": false, "has_many": false, "description": "Maybe add a comparison?", "notations": [1, 3, 4, 8]}}, {"model": "codingtool.code", "pk": 157, "fields": {"explanation": 11, "position": 13, "goal": 2, "role": 8, "is_partial": false, "is_emphasized": false, "has_many": false, "description": "", "notations": [3, 4, 8]}}, {"model": "codingtool.code", "pk": 158, "fields": {"explanation": 11, "position": 14, "goal": 3, "role": 8, "is_partial": false, "is_emphasized": false, "has_many": false, "description": "", "notations": [3, 4]}}, {"model": "codingtool.code", "pk": 159, "fields": {"explanation": 11, "position": 15, "goal": 3, "role": 2, "is_partial": false, "is_emphasized": false, "has_many": false, "description": "", "notations": [8]}}, {"model": "codingtool.code", "pk": 160, "fields": {"explanation": 11, "position": 16, "goal": 3, "role": 4, "is_partial": false, "is_emphasized": false, "has_many": false, "description": "", "notations": [3]}}, {"model": "codingtool.code", "pk": 161, "fields": {"explanation": 16, "position": 1, "goal": 2, "role": 7, "is_partial": false, "is_emphasized": false, "has_many": true, "description": "", "notations": [4]}}, {"model": "codingtool.code", "pk": 162, "fields": {"explanation": 16, "position": 2, "goal": 2, "role": 2, "is_partial": false, "is_emphasized": false, "has_many": false, "description": "", "notations": [4, 7]}}, {"model": "codingtool.code", "pk": 163, "fields": {"explanation": 16, "position": 3, "goal": 2, "role": 4, "is_partial": false, "is_emphasized": true, "has_many": false, "description": "", "notations": [3, 4, 6]}}, {"model": "codingtool.code", "pk": 164, "fields": {"explanation": 16, "position": 4, "goal": 2, "role": 10, "is_partial": false, "is_emphasized": false, "has_many": false, "description": "", "notations": [2, 3, 4, 5]}}, {"model": "codingtool.code", "pk": 165, "fields": {"explanation": 16, "position": 5, "goal": 2, "role": 7, "is_partial": false, "is_emphasized": false, "has_many": true, "description": "", "notations": [5]}}, {"model": "codingtool.code", "pk": 166, "fields": {"explanation": 13, "position": 1, "goal": 2, "role": 2, "is_partial": false, "is_emphasized": false, "has_many": false, "description": "", "notations": [1, 3]}}, {"model": "codingtool.code", "pk": 167, "fields": {"explanation": 13, "position": 2, "goal": 2, "role": 2, "is_partial": true, "is_emphasized": false, "has_many": false, "description": "", "notations": [1, 3, 8]}}, {"model": "codingtool.code", "pk": 169, "fields": {"explanation": 13, "position": 3, "goal": 3, "role": 6, "is_partial": false, "is_emphasized": false, "has_many": false, "description": "", "notations": [1, 3, 8]}}, {"model": "codingtool.code", "pk": 170, "fields": {"explanation": 13, "position": 4, "goal": 3, "role": 10, "is_partial": false, "is_emphasized": false, "has_many": false, "description": "", "notations": [1, 2]}}, {"model": "codingtool.code", "pk": 171, "fields": {"explanation": 13, "position": 5, "goal": 3, "role": 2, "is_partial": false, "is_emphasized": false, "has_many": false, "description": "", "notations": [4, 8]}}, {"model": "codingtool.code", "pk": 172, "fields": {"explanation": 13, "position": 6, "goal": 3, "role": 4, "is_partial": false, "is_emphasized": false, "has_many": false, "description": "", "notations": [3, 8]}}, {"model": "codingtool.code", "pk": 173, "fields": {"explanation": 13, "position": 7, "goal": 3, "role": 6, "is_partial": false, "is_emphasized": false, "has_many": false, "description": "", "notations": [1, 3, 8]}}, {"model": "codingtool.code", "pk": 174, "fields": {"explanation": 13, "position": 8, "goal": 3, "role": 10, "is_partial": false, "is_emphasized": false, "has_many": false, "description": "", "notations": [1, 2]}}, {"model": "codingtool.code", "pk": 175, "fields": {"explanation": 13, "position": 9, "goal": 2, "role": 10, "is_partial": false, "is_emphasized": false, "has_many": false, "description": "", "notations": [1, 2]}}, {"model": "codingtool.code", "pk": 176, "fields": {"explanation": 12, "position": 1, "goal": 2, "role": 7, "is_partial": false, "is_emphasized": false, "has_many": false, "description": "", "notations": [1, 4]}}, {"model": "codingtool.code", "pk": 177, "fields": {"explanation": 12, "position": 2, "goal": 2, "role": 2, "is_partial": false, "is_emphasized": false, "has_many": false, "description": "", "notations": [1, 3]}}, {"model": "codingtool.code", "pk": 178, "fields": {"explanation": 12, "position": 3, "goal": 3, "role": 2, "is_partial": true, "is_emphasized": false, "has_many": false, "description": "", "notations": [1, 7]}}, {"model": "codingtool.code", "pk": 179, "fields": {"explanation": 12, "position": 4, "goal": 3, "role": 2, "is_partial": true, "is_emphasized": false, "has_many": false, "description": "", "notations": [1, 7]}}, {"model": "codingtool.code", "pk": 180, "fields": {"explanation": 12, "position": 5, "goal": 2, "role": 10, "is_partial": false, "is_emphasized": true, "has_many": false, "description": "", "notations": [1, 2]}}]